"","id","type","timestamp","author","message","...6","date(yyyyMMddHHmmss)","cleaned","RT_pattern","RT_from","RT_message","RT_message_cleaned","user_mentioned","time_1min","geometry"
"1",2629,"ccdata",2014-01-23 19:48:13,NA,"ALARM-SECURE NO CRIME",NA,NA,NA,NA,NA,NA,NA,NA,NA,c(24.837063, 36.08192)
"2",840,"ccdata",2014-01-23 18:10:02,NA,"VANDALISM-REPORT",NA,NA,NA,NA,NA,NA,NA,NA,NA,c(24.842363, 36.08912)
"3",189,"ccdata",2014-01-23 17:15:13,NA,"TRAFFIC STOP",NA,NA,NA,NA,NA,NA,NA,NA,NA,c(24.844317, 36.077859)
"4",1708,"ccdata",2014-01-23 19:05:54,NA,"PARK CHECK",NA,NA,NA,NA,NA,NA,NA,NA,NA,c(24.855016, 36.090169)
"5",2294,"ccdata",2014-01-23 19:41:22,NA,"ALARM-SECURE NO CRIME",NA,NA,NA,NA,NA,NA,NA,NA,NA,c(24.853851, 36.0808385)
"6",990,"ccdata",2014-01-23 18:25:00,NA,"ALARM-SECURE NO CRIME",NA,NA,NA,NA,NA,NA,NA,NA,NA,c(24.861014, 36.08542)
"7",2354,"ccdata",2014-01-23 19:42:22,NA,"CHECK ON HAZARD",NA,NA,NA,NA,NA,NA,NA,NA,NA,c(24.840627, 36.0678145)
"8",2354,"ccdata",2014-01-23 19:42:22,NA,"CHECK ON HAZARD",NA,NA,NA,NA,NA,NA,NA,NA,NA,c(24.842313, 36.06772)
"9",960,"ccdata",2014-01-23 18:21:44,NA,"TRAFFIC STOP",NA,NA,NA,NA,NA,NA,NA,NA,NA,c(24.846971, 36.076215)
"10",388,"ccdata",2014-01-23 17:27:00,NA,"SUBJECT STOP",NA,NA,NA,NA,NA,NA,NA,NA,NA,c(24.843663, 36.07417)
"11",785,"ccdata",2014-01-23 18:05:15,NA,"SUBJECT STOP",NA,NA,NA,NA,NA,NA,NA,NA,NA,c(24.844264, 36.06102)
"12",1235,"ccdata",2014-01-23 18:45:22,NA,"TRAFFIC STOP",NA,NA,NA,NA,NA,NA,NA,NA,NA,c(24.855614, 36.07522)
"13",831,"ccdata",2014-01-23 18:09:22,NA,"MISDEMEANOR ASSAULT-IN PROGRESS",NA,NA,NA,NA,NA,NA,NA,NA,NA,c(24.851814, 36.07057)
"14",1808,"ccdata",2014-01-23 19:14:07,NA,"MISDEMEANOR ASSAULT-IN PROGRESS",NA,NA,NA,NA,NA,NA,NA,NA,NA,c(24.855714, 36.06862)
"15",3117,"ccdata",2014-01-23 20:15:00,NA,"TRAFFIC STOP",NA,NA,NA,NA,NA,NA,NA,NA,NA,c(24.861014, 36.07432)
"16",1049,"ccdata",2014-01-23 18:32:23,NA,"PARK CHECK",NA,NA,NA,NA,NA,NA,NA,NA,NA,c(24.864164, 36.07902)
"17",1049,"ccdata",2014-01-23 18:32:23,NA,"PARK CHECK",NA,NA,NA,NA,NA,NA,NA,NA,NA,c(24.863914, 36.07837)
"18",1439,"ccdata",2014-01-23 18:52:00,NA,"ALARM-SECURE NO CRIME",NA,NA,NA,NA,NA,NA,NA,NA,NA,c(24.873564, 36.07927)
"19",1439,"ccdata",2014-01-23 18:52:00,NA,"ALARM-SECURE NO CRIME",NA,NA,NA,NA,NA,NA,NA,NA,NA,c(24.875364, 36.07817)
"20",310,"ccdata",2014-01-23 17:23:22,NA,"SUBJECT STOP",NA,NA,NA,NA,NA,NA,NA,NA,NA,c(24.866164, 36.07242)
"21",132,"ccdata",2014-01-23 17:11:53,NA,"ALARM-SECURE NO CRIME",NA,NA,NA,NA,NA,NA,NA,NA,NA,c(24.872264, 36.07712)
"22",174,"ccdata",2014-01-23 17:14:47,NA,"SUBJECT STOP",NA,NA,NA,NA,NA,NA,NA,NA,NA,c(24.872214, 36.07422)
"23",2262,"ccdata",2014-01-23 19:40:41,NA,"SUSPICIOUS OCCUPIED VEHICLE-BLACK VAN",NA,NA,NA,NA,NA,NA,NA,NA,NA,c(24.875414, 36.07522)
"24",124,"ccdata",2014-01-23 17:11:02,NA,"DISTURBANCE-NOISE",NA,NA,NA,NA,NA,NA,NA,NA,NA,c(24.875414, 36.07422)
"25",2280,"ccdata",2014-01-23 19:41:07,NA,"TRAFFIC STOP",NA,NA,NA,NA,NA,NA,NA,NA,NA,c(24.871464, 36.06722)
"26",3696,"ccdata",2014-01-23 21:00:04,NA,"SHOPLIFTING",NA,NA,NA,NA,NA,NA,NA,NA,NA,c(24.873214, 36.06677)
"27",246,"ccdata",2014-01-23 17:18:33,NA,"CHECK ON HAZARD",NA,NA,NA,NA,NA,NA,NA,NA,NA,c(24.864914, 36.06477)
"28",3447,"ccdata",2014-01-23 20:35:09,NA,"SUBJECT STOP",NA,NA,NA,NA,NA,NA,NA,NA,NA,c(24.869264, 36.06482)
"29",298,"ccdata",2014-01-23 17:22:47,NA,"TRAFFIC STOP",NA,NA,NA,NA,NA,NA,NA,NA,NA,c(24.867777, 36.06203)
"30",812,"ccdata",2014-01-23 18:07:52,NA,"PARK CHECK",NA,NA,NA,NA,NA,NA,NA,NA,NA,c(24.876214, 36.07287)
"31",796,"ccdata",2014-01-23 18:06:15,NA,"TRAFFIC STOP",NA,NA,NA,NA,NA,NA,NA,NA,NA,c(24.876224, 36.068792)
"32",469,"ccdata",2014-01-23 17:32:00,NA,"ALARM-SECURE NO CRIME",NA,NA,NA,NA,NA,NA,NA,NA,NA,c(24.881814, 36.07112)
"33",256,"ccdata",2014-01-23 17:19:00,NA,"DISTURBANCE-NOISE",NA,NA,NA,NA,NA,NA,NA,NA,NA,c(24.884114, 36.07062)
"34",406,"ccdata",2014-01-23 17:27:45,NA,"DISTURBANCE-NOISE",NA,NA,NA,NA,NA,NA,NA,NA,NA,c(24.884114, 36.07062)
"35",1080,"ccdata",2014-01-23 18:35:00,NA,"DISTURBANCE-NOISE",NA,NA,NA,NA,NA,NA,NA,NA,NA,c(24.883464, 36.06822)
"36",2942,"ccdata",2014-01-23 20:06:58,NA,"SUSPICIOUS SUBJECT/CIRCUMSTANCES-IN PROGRESS",NA,NA,NA,NA,NA,NA,NA,NA,NA,c(24.8777445, 36.064073)
"37",1162,"ccdata",2014-01-23 18:42:45,NA,"DISTURBANCE-NOISE",NA,NA,NA,NA,NA,NA,NA,NA,NA,c(24.878614, 36.06272)
"38",2325,"ccdata",2014-01-23 19:41:48,NA,"SUBJECT STOP",NA,NA,NA,NA,NA,NA,NA,NA,NA,c(24.882065, 36.0557205)
"39",225,"ccdata",2014-01-23 17:17:25,NA,"BUSINESS CHECK",NA,NA,NA,NA,NA,NA,NA,NA,NA,c(24.879565, 36.05232)
"40",2273,"ccdata",2014-01-23 19:41:00,NA,"SUSPICIOUS SUBJECT/CIRCUMSTANCES-IN PROGRESS",NA,NA,NA,NA,NA,NA,NA,NA,NA,c(24.883215, 36.0594205)
"41",3396,"ccdata",2014-01-23 20:33:00,NA,"ALARM-SECURE NO CRIME",NA,NA,NA,NA,NA,NA,NA,NA,NA,c(24.883215, 36.0585205)
"42",3237,"ccdata",2014-01-23 20:22:21,NA,"MISDEMEANOR ASSAULT-IN PROGRESS",NA,NA,NA,NA,NA,NA,NA,NA,NA,c(24.883165, 36.0575205)
"43",2347,"ccdata",2014-01-23 19:42:14,NA,"SUSPICIOUS OCCUPIED VEHICLE-BLACK VAN",NA,NA,NA,NA,NA,NA,NA,NA,NA,c(24.885465, 36.057971)
"44",2390,"ccdata",2014-01-23 19:43:11,NA,"SUSPICIOUS OCCUPIED VEHICLE-BLACK VAN",NA,NA,NA,NA,NA,NA,NA,NA,NA,c(24.885465, 36.054221)
"45",610,"ccdata",2014-01-23 17:46:11,NA,"ALARM-SECURE NO CRIME",NA,NA,NA,NA,NA,NA,NA,NA,NA,c(24.890815, 36.070121)
"46",2586,"ccdata",2014-01-23 19:46:47,NA,"TRAFFIC STOP",NA,NA,NA,NA,NA,NA,NA,NA,NA,c(24.890315, 36.066571)
"47",2777,"ccdata",2014-01-23 19:57:32,NA,"SUBJECT STOP",NA,NA,NA,NA,NA,NA,NA,NA,NA,c(24.8910855, 36.0650535)
"48",587,"ccdata",2014-01-23 17:43:09,NA,"MISDEMEANOR ASSAULT-IN PROGRESS",NA,NA,NA,NA,NA,NA,NA,NA,NA,c(24.894365, 36.067671)
"49",1198,"ccdata",2014-01-23 18:44:41,NA,"ALARM-SECURE NO CRIME",NA,NA,NA,NA,NA,NA,NA,NA,NA,c(24.895915, 36.069521)
"50",60,"ccdata",2014-01-23 17:05:13,NA,"PARK CHECK",NA,NA,NA,NA,NA,NA,NA,NA,NA,c(24.899853, 36.068941)
"51",545,"ccdata",2014-01-23 17:39:00,NA,"TRAFFIC STOP",NA,NA,NA,NA,NA,NA,NA,NA,NA,c(24.899853, 36.068941)
"52",778,"ccdata",2014-01-23 18:04:47,NA,"DISTURBANCE-NOISE",NA,NA,NA,NA,NA,NA,NA,NA,NA,c(24.8896814129464, 36.065348580915)
"53",381,"ccdata",2014-01-23 17:26:58,NA,"SUSPICIOUS SUBJECT/CIRCUMSTANCES-IN PROGRESS",NA,NA,NA,NA,NA,NA,NA,NA,NA,c(24.889315, 36.062121)
"54",2777,"ccdata",2014-01-23 19:57:32,NA,"SUBJECT STOP",NA,NA,NA,NA,NA,NA,NA,NA,NA,c(24.891265, 36.064521)
"55",2777,"ccdata",2014-01-23 19:57:32,NA,"SUBJECT STOP",NA,NA,NA,NA,NA,NA,NA,NA,NA,c(24.8913930196098, 36.0636688235124)
"56",2945,"ccdata",2014-01-23 20:07:00,NA,"CRIME SCENE INVESTIGATION REQUEST-LOCATION/DWELLING OF INTEREST",NA,NA,NA,NA,NA,NA,NA,NA,NA,c(24.892459, 36.059034)
"57",3927,"ccdata",2014-01-23 21:22:00,NA,"CRIME SCENE INVESTIGATION-REQUEST-ADDITIONAL UNITS-LOCATION/DWELLING OF INTEREST",NA,NA,NA,NA,NA,NA,NA,NA,NA,c(24.892459, 36.059034)
"58",2945,"ccdata",2014-01-23 20:07:00,NA,"CRIME SCENE INVESTIGATION REQUEST-LOCATION/DWELLING OF INTEREST",NA,NA,NA,NA,NA,NA,NA,NA,NA,c(24.893415, 36.058721)
"59",3927,"ccdata",2014-01-23 21:22:00,NA,"CRIME SCENE INVESTIGATION-REQUEST-ADDITIONAL UNITS-LOCATION/DWELLING OF INTEREST",NA,NA,NA,NA,NA,NA,NA,NA,NA,c(24.893415, 36.058721)
"60",1868,"ccdata",2014-01-23 19:18:34,NA,"VEHICLE ACCIDENT - REPORT",NA,NA,NA,NA,NA,NA,NA,NA,NA,c(24.892147, 36.0582715)
"61",1879,"ccdata",2014-01-23 19:19:00,NA,"VEHICLE ACCIDENT - NO OR UNKNOWN INJURIES",NA,NA,NA,NA,NA,NA,NA,NA,NA,c(24.892147, 36.0582715)
"62",2604,"ccdata",2014-01-23 19:47:00,NA,"CRIME SCENE INVESTIGATION REQUEST-LOCATION/PERSON/INCIDENT OF INTEREST",NA,NA,NA,NA,NA,NA,NA,NA,NA,c(24.892147, 36.0582715)
"63",1868,"ccdata",2014-01-23 19:18:34,NA,"VEHICLE ACCIDENT - REPORT",NA,NA,NA,NA,NA,NA,NA,NA,NA,c(24.892162, 36.0575915)
"64",1879,"ccdata",2014-01-23 19:19:00,NA,"VEHICLE ACCIDENT - NO OR UNKNOWN INJURIES",NA,NA,NA,NA,NA,NA,NA,NA,NA,c(24.892162, 36.0575915)
"65",2604,"ccdata",2014-01-23 19:47:00,NA,"CRIME SCENE INVESTIGATION REQUEST-LOCATION/PERSON/INCIDENT OF INTEREST",NA,NA,NA,NA,NA,NA,NA,NA,NA,c(24.892162, 36.0575915)
"66",1933,"ccdata",2014-01-23 19:21:38,NA,"FELONY HIT & RUN-IN PROGRESS-WITH INJURY",NA,NA,NA,NA,NA,NA,NA,NA,NA,c(24.900515, 36.054221)
"67",1962,"ccdata",2014-01-23 19:23:00,NA,"FIRE/MEDICS DISPATCHED-PEDESTRIAN HIT & RUN",NA,NA,NA,NA,NA,NA,NA,NA,NA,c(24.900515, 36.054221)
"68",1975,"ccdata",2014-01-23 19:23:44,NA,"CRIME SCENE INVESTIGATION-REQUEST",NA,NA,NA,NA,NA,NA,NA,NA,NA,c(24.900515, 36.054221)
"69",1050,"ccdata",2014-01-23 18:32:24,NA,"SUSPICIOUS SUBJECT/CIRCUMSTANCES-IN PROGRESS",NA,NA,NA,NA,NA,NA,NA,NA,NA,c(24.904615, 36.054571)
"70",926,"ccdata",2014-01-23 18:17:55,NA,"SUSPICIOUS SUBJECT/CIRCUMSTANCES-IN PROGRESS",NA,NA,NA,NA,NA,NA,NA,NA,NA,c(24.906265, 36.050271)
"71",3600,"ccdata",2014-01-23 20:50:00,NA,"NARCOTIC ACTIVITY-REPORT",NA,NA,NA,NA,NA,NA,NA,NA,NA,c(24.858313, 36.08922)
"72",1439,"ccdata",2014-01-23 18:52:00,NA,"ALARM-SECURE NO CRIME",NA,NA,NA,NA,NA,NA,NA,NA,NA,c(24.874664, 36.07857)
"73",1766,"ccdata",2014-01-23 19:10:00,NA,"ALARM-SECURE NO CRIME",NA,NA,NA,NA,NA,NA,NA,NA,NA,c(24.8624845, 36.0669235)
"74",1416,"ccdata",2014-01-23 18:50:21,NA,"DISTURBANCE-NOISE",NA,NA,NA,NA,NA,NA,NA,NA,NA,c(24.862564, 36.0646265)
"75",812,"ccdata",2014-01-23 18:07:52,NA,"PARK CHECK",NA,NA,NA,NA,NA,NA,NA,NA,NA,c(24.876266, 36.0722395)
"76",3572,"ccdata",2014-01-23 20:48:17,NA,"ALARM-SECURE NO CRIME",NA,NA,NA,NA,NA,NA,NA,NA,NA,c(24.8493948382898, 36.0904508545495)
"77",764,"ccdata",2014-01-23 18:04:01,NA,"ALARM-SECURE NO CRIME",NA,NA,NA,NA,NA,NA,NA,NA,NA,c(24.869911, 36.0718465)
"78",610,"ccdata",2014-01-23 17:46:11,NA,"ALARM-SECURE NO CRIME",NA,NA,NA,NA,NA,NA,NA,NA,NA,c(24.8919525, 36.0702235)
"79",2246,"ccdata",2014-01-23 19:40:22,NA,"DISTURBANCE-NOISE",NA,NA,NA,NA,NA,NA,NA,NA,NA,c(24.8593905, 36.0596425)
"80",106,"mbdata",2014-01-23 17:10:00,"truccotrucco","rally time! ready for some inspiration #POK",106,20140123171000,"rally time ready inspiration",NA,NA,"rally time! ready for some inspiration #POK",NA,NA,2014-01-23 17:10:00,c(24.852, 36.052)
"81",170,"mbdata",2014-01-23 17:14:47,"footfingers","The Asterian People's Army supports the POK in their fight against tyranny and injustice #POK #APA",170,20140123171447,"asterian people army support pok fight tyranny injustice",NA,NA,"The Asterian People's Army supports the POK in their fight against tyranny and injustice #POK #APA",NA,NA,2014-01-23 17:14:00,c(24.902, 36.054)
"82",171,"mbdata",2014-01-23 17:14:47,"truthforcadau","Cant wait to hear Viktor-E! #POKRally",171,20140123171447,"cant wait hear viktore",NA,NA,"Cant wait to hear Viktor-E! #POKRally",NA,NA,2014-01-23 17:14:00,c(24.854, 36.051)
"83",208,"mbdata",2014-01-23 17:16:00,"truccotrucco","Sylvia rocks! you go girl #POKRally",208,20140123171600,"sylvia rock go girl",NA,NA,"Sylvia rocks! you go girl #POKRally",NA,NA,2014-01-23 17:16:00,c(24.852, 36.052)
"84",233,"mbdata",2014-01-23 17:18:00,"truthforcadau","lots of cops hopefully they dont do anything stupid #POKRallyinthepark #POKpeace",233,20140123171800,"lot cop hopefully do anything stupid",NA,NA,"lots of cops hopefully they dont do anything stupid #POKRallyinthepark #POKpeace",NA,NA,2014-01-23 17:18:00,c(24.854, 36.051)
"85",234,"mbdata",2014-01-23 17:18:00,"truccotrucco","gotta be 3000 people here! #POK is strong",234,20140123171800,"gotta people strong",NA,NA,"gotta be 3000 people here! #POK is strong",NA,NA,2014-01-23 17:18:00,c(24.852, 36.052)
"86",265,"mbdata",2014-01-23 17:20:00,"footfingers","greedy corporations are ruining Kronos and poisoning the people. fight back! #POK",265,20140123172000,"greedy corporation ruin kronos poison people fight back",NA,NA,"greedy corporations are ruining Kronos and poisoning the people. fight back! #POK",NA,NA,2014-01-23 17:20:00,c(24.902, 36.054)
"87",277,"mbdata",2014-01-23 17:21:00,"truccotrucco","lots of cops but they cant stop us #POK",277,20140123172100,"lot cop cant stop us",NA,NA,"lots of cops but they cant stop us #POK",NA,NA,2014-01-23 17:21:00,c(24.852, 36.052)
"88",297,"mbdata",2014-01-23 17:22:47,"truccotrucco","Lucio Jakab tells it like it is #POK #SOW",297,20140123172247,"lucio jakab tell like",NA,NA,"Lucio Jakab tells it like it is #POK #SOW",NA,NA,2014-01-23 17:22:00,c(24.852, 36.052)
"89",336,"mbdata",2014-01-23 17:25:00,"footfingers","President Kapelou is a stooge for greeddy Tethan corperations #POK",336,20140123172500,"president kapelou stooge greeddy tethan corperations",NA,NA,"President Kapelou is a stooge for greeddy Tethan corperations #POK",NA,NA,2014-01-23 17:25:00,c(24.902, 36.054)
"90",353,"mbdata",2014-01-23 17:25:45,"truthforcadau","so many people here this is awesome! POK is peace! #POKRallyinthepark",353,20140123172545,"many people awesome pok peace",NA,NA,"so many people here this is awesome! POK is peace! #POKRallyinthepark",NA,NA,2014-01-23 17:25:00,c(24.854, 36.051)
"91",387,"mbdata",2014-01-23 17:27:00,"footfingers","the capitalists don't care about the poeple of Kronos #POK",387,20140123172700,"capitalist care poeple kronos",NA,NA,"the capitalists don't care about the poeple of Kronos #POK",NA,NA,2014-01-23 17:27:00,c(24.902, 36.054)
"92",480,"mbdata",2014-01-23 17:33:00,"truccotrucco","#RememberJuliana #RememberElian #VivaSylvia",480,20140123173300,NA,NA,NA,"#RememberJuliana #RememberElian #VivaSylvia",NA,NA,2014-01-23 17:33:00,c(24.852, 36.052)
"93",516,"mbdata",2014-01-23 17:36:11,"footfingers","you have the power to take Kronos back for the poeple #POK",516,20140123173611,"power take kronos back poeple",NA,NA,"you have the power to take Kronos back for the poeple #POK",NA,NA,2014-01-23 17:36:00,c(24.902, 36.054)
"94",534,"mbdata",2014-01-23 17:38:02,"truthforcadau","great new song from Viktor-E! River Soldiers is so powerful #POKRallyinthePark #viktor-e",534,20140123173802,"great new song viktore river soldier powerful e",NA,NA,"great new song from Viktor-E! River Soldiers is so powerful #POKRallyinthePark #viktor-e",NA,NA,2014-01-23 17:38:00,c(24.854, 36.051)
"95",567,"mbdata",2014-01-23 17:42:00,"footfingers","corrupt Tethan corporations pollute your land and kill your children #POK",567,20140123174200,"corrupt tethan corporation pollute land kill child",NA,NA,"corrupt Tethan corporations pollute your land and kill your children #POK",NA,NA,2014-01-23 17:42:00,c(24.902, 36.054)
"96",592,"mbdata",2014-01-23 17:44:00,"footfingers","people of Kronos, rise up and take your country back! #POK",592,20140123174400,"people kronos rise take country back",NA,NA,"people of Kronos, rise up and take your country back! #POK",NA,NA,2014-01-23 17:44:00,c(24.902, 36.054)
"97",624,"mbdata",2014-01-23 17:48:00,"truthforcadau","classic cover of a classic song Big Yellow Taxi is one of the best! #viktor-e #POKRallyinthepark",624,20140123174800,"classic cover classic song big yellow taxi one good e",NA,NA,"classic cover of a classic song Big Yellow Taxi is one of the best! #viktor-e #POKRallyinthepark",NA,NA,2014-01-23 17:48:00,c(24.854, 36.051)
"98",632,"mbdata",2014-01-23 17:49:00,"truthforcadau","Viktor-E should collaborate with Joni Mitchell #wishfulthinking",632,20140123174900,"viktore collaborate joni mitchell",NA,NA,"Viktor-E should collaborate with Joni Mitchell #wishfulthinking",NA,NA,2014-01-23 17:49:00,c(24.854, 36.051)
"99",679,"mbdata",2014-01-23 17:53:48,"truccotrucco","preety sure ive heard this speech before from Prof Distefano",679,20140123175348,"preety sure ive hear speech prof distefano",NA,NA,"preety sure ive heard this speech before from Prof Distefano",NA,NA,2014-01-23 17:53:00,c(24.852, 36.052)
"100",717,"mbdata",2014-01-23 17:57:47,"footfingers","corporations don't care about people or wildlife so why let them run your life? #POK",717,20140123175747,"corporation care people wildlife let run life",NA,NA,"corporations don't care about people or wildlife so why let them run your life? #POK",NA,NA,2014-01-23 17:57:00,c(24.902, 36.054)
"101",718,"mbdata",2014-01-23 17:57:47,"truccotrucco","dragging on & on im getting hungry",718,20140123175747,"drag im get hungry",NA,NA,"dragging on & on im getting hungry",NA,NA,2014-01-23 17:57:00,c(24.852, 36.052)
"102",897,"mbdata",2014-01-23 18:15:14,"truccotrucco","who wnats to join me for some gelato #hungry #gelatogalore",897,20140123181514,"wnats join gelato",NA,NA,"who wnats to join me for some gelato #hungry #gelatogalore",NA,NA,2014-01-23 18:15:00,c(24.852, 36.052)
"103",1060,"mbdata",2014-01-23 18:33:24,"truccotrucco","not really feelin the Doc kinda wish Sylvia would just keep speaking #POK",1060,20140123183324,"really feelin doc kinda wish sylvia just keep speak",NA,NA,"not really feelin the Doc kinda wish Sylvia would just keep speaking #POK",NA,NA,2014-01-23 18:33:00,c(24.852, 36.052)
"104",1124,"mbdata",2014-01-23 18:40:00,"footfingers","real power comes from taking your future into your own hands #POK",1124,20140123184000,"real power come take future hand",NA,NA,"real power comes from taking your future into your own hands #POK",NA,NA,2014-01-23 18:40:00,c(24.902, 36.054)
"105",1152,"mbdata",2014-01-23 18:42:10,"dangermice","i think the dancin dolphin is on fire!",1152,20140123184210,"think dancin dolphin fire",NA,NA,"i think the dancin dolphin is on fire!",NA,NA,2014-01-23 18:42:00,c(24.894, 36.059)
"106",1215,"mbdata",2014-01-23 18:45:00,"dangermice","Fire trucks are arriving at the dancing dolphin #abilaFire",1215,20140123184500,"fire truck arrive dance dolphin",NA,NA,"Fire trucks are arriving at the dancing dolphin #abilaFire",NA,NA,2014-01-23 18:45:00,c(24.894, 36.059)
"107",1220,"mbdata",2014-01-23 18:45:00,"truthforcadau","very inspiring speech from Dr Newman ""you can make a differnece, together you can make change"" #POKRallyinthepark",1220,20140123184500,"inspire speech dr newman can make differnece together can make change",NA,NA,"very inspiring speech from Dr Newman ""you can make a differnece, together you can make change"" #POKRallyinthepark",NA,NA,2014-01-23 18:45:00,c(24.854, 36.051)
"108",1281,"mbdata",2014-01-23 18:46:21,"footfingers","real change is only possibly if Kronos is ruled by the poeple, not the corrupt #POK",1281,20140123184621,"real change possibly kronos rule poeple corrupt",NA,NA,"real change is only possibly if Kronos is ruled by the poeple, not the corrupt #POK",NA,NA,2014-01-23 18:46:00,c(24.902, 36.054)
"109",1341,"mbdata",2014-01-23 18:47:31,"truccotrucco","who else has had enough of the speeches? feel like im in school! gelatogalore time",1341,20140123184731,"else enough speech feel like im school gelatogalore time",NA,NA,"who else has had enough of the speeches? feel like im in school! gelatogalore time",NA,NA,2014-01-23 18:47:00,c(24.852, 36.052)
"110",1363,"mbdata",2014-01-23 18:48:02,"truccotrucco","heading to gelatogalore! whos with me?",1363,20140123184802,"head gelatogalore whos",NA,NA,"heading to gelatogalore! whos with me?",NA,NA,2014-01-23 18:48:00,c(24.855, 36.055)
"111",1375,"mbdata",2014-01-23 18:48:57,"truccotrucco","im on the corner of ermou & parla #gelatorocks",1375,20140123184857,"im corner ermou parla",NA,NA,"im on the corner of ermou & parla #gelatorocks",NA,NA,2014-01-23 18:48:00,c(24.855, 36.055)
"112",1415,"mbdata",2014-01-23 18:50:21,"truthforcadau","guess i need to find out about Hilel the Elder? anybody know? #inspiration #viktor-e",1415,20140123185021,"guess need find hilel old anybody know e",NA,NA,"guess i need to find out about Hilel the Elder? anybody know? #inspiration #viktor-e",NA,NA,2014-01-23 18:50:00,c(24.854, 36.051)
"113",1486,"mbdata",2014-01-23 18:53:10,"truthforcadau","Viktor-E playing my favorite """"Stand up Speak up""""! #POKRallyinthepark""""",1486,20140123185310,"viktore play favorite stand speak",NA,NA,"Viktor-E playing my favorite """"Stand up Speak up""""! #POKRallyinthepark""""",NA,NA,2014-01-23 18:53:00,c(24.854, 36.051)
"114",1514,"mbdata",2014-01-23 18:55:01,"dangermice","Police are flooding the scene",1514,20140123185501,"police flood scene",NA,NA,"Police are flooding the scene",NA,NA,2014-01-23 18:55:00,c(24.894, 36.059)
"115",1525,"mbdata",2014-01-23 18:55:05,"dangermice","Oh man they are evacuating the nearby buildings #abilafire",1525,20140123185505,"oh man evacuate nearby building",NA,NA,"Oh man they are evacuating the nearby buildings #abilafire",NA,NA,2014-01-23 18:55:00,c(24.894, 36.059)
"116",1598,"mbdata",2014-01-23 19:00:00,"dangermice","Someone just got rescued and looks really bad  #abilafire",1598,20140123190000,"someone just get rescue look really bad",NA,NA,"Someone just got rescued and looks really bad  #abilafire",NA,NA,2014-01-23 19:00:00,c(24.894, 36.059)
"117",1637,"mbdata",2014-01-23 19:02:00,"footfingers","join the POK and make a differnce #POK",1637,20140123190200,"join pok make differnce",NA,NA,"join the POK and make a differnce #POK",NA,NA,2014-01-23 19:02:00,c(24.902, 36.054)
"118",1725,"mbdata",2014-01-23 19:07:00,"truthforcadau","theyre playing Circles and if youre not here your missing out! #viktor-e #POK",1725,20140123190700,"theyre play circle youre miss e",NA,NA,"theyre playing Circles and if youre not here your missing out! #viktor-e #POK",NA,NA,2014-01-23 19:07:00,c(24.854, 36.051)
"119",1762,"mbdata",2014-01-23 19:10:00,"dangermice","They are taking the rescued person to the hospital Hope she's okay",1762,20140123191000,"take rescue person hospital hope okay",NA,NA,"They are taking the rescued person to the hospital Hope she's okay",NA,NA,2014-01-23 19:10:00,c(24.894, 36.059)
"120",1765,"mbdata",2014-01-23 19:10:00,"truccotrucco","gelatogalore so so good!",1765,20140123191000,"gelatogalore good",NA,NA,"gelatogalore so so good!",NA,NA,2014-01-23 19:10:00,c(24.856, 36.059)
"121",1787,"mbdata",2014-01-23 19:12:02,"truccotrucco","more than just gelato their pommes frites are the best #gelatogalore",1787,20140123191202,"just gelato pommes frites good",NA,NA,"more than just gelato their pommes frites are the best #gelatogalore",NA,NA,2014-01-23 19:12:00,c(24.856, 36.059)
"122",1819,"mbdata",2014-01-23 19:15:00,"truthforcadau","dancin time! thanks #POK thanks Sylvia! #POK is peace!",1819,20140123191500,"dancin time thank thank sylvia peace",NA,NA,"dancin time! thanks #POK thanks Sylvia! #POK is peace!",NA,NA,2014-01-23 19:15:00,c(24.854, 36.051)
"123",1820,"mbdata",2014-01-23 19:15:00,"truccotrucco","looks like im missing some Viktor-E! too bad gelatogalore didnt have a food stand at the rally #POK",1820,20140123191500,"look like im miss viktore bad gelatogalore didnt food stand rally",NA,NA,"looks like im missing some Viktor-E! too bad gelatogalore didnt have a food stand at the rally #POK",NA,NA,2014-01-23 19:15:00,c(24.856, 36.059)
"124",1830,"mbdata",2014-01-23 19:16:07,"dangermice","Wow - more police #abilafire",1830,20140123191607,"wow police",NA,NA,"Wow - more police #abilafire",NA,NA,2014-01-23 19:16:00,c(24.894, 36.059)
"125",1846,"mbdata",2014-01-23 19:17:00,"footfingers","Check out the new issue of ARISE, a magazine for people who want to take control of their destiny?#ARISE #POK",1846,20140123191700,"check new issue arise magazine people want take control destiny",NA,NA,"Check out the new issue of ARISE, a magazine for people who want to take control of their destiny?#ARISE #POK",NA,NA,2014-01-23 19:17:00,c(24.902, 36.054)
"126",1896,"mbdata",2014-01-23 19:20:00,"dangermice","More fire trucks are arriving this is really bad",1896,20140123192000,"fire truck arrive really bad",NA,NA,"More fire trucks are arriving this is really bad",NA,NA,2014-01-23 19:20:00,c(24.894, 36.059)
"127",1899,"mbdata",2014-01-23 19:20:00,"hennyhenhendrix","Some moron in a black van just hit my car!",1899,20140123192000,"moron black van just hit car",NA,NA,"Some moron in a black van just hit my car!",NA,NA,2014-01-23 19:20:00,c(24.892, 36.057)
"128",1900,"mbdata",2014-01-23 19:20:00,"brewvebeenserved","WOW! Crazy driver! Hopefully everyone is ok!",1900,20140123192000,"wow crazy driver hopefully everyone okay",NA,NA,"WOW! Crazy driver! Hopefully everyone is ok!",NA,NA,2014-01-23 19:20:00,c(24.901, 36.054)
"129",1925,"mbdata",2014-01-23 19:21:01,"brewvebeenserved","Oh no!! That crazy driver hit a guy on a bike outside our shop!!",1925,20140123192101,"oh crazy driver hit guy bike outside shop",NA,NA,"Oh no!! That crazy driver hit a guy on a bike outside our shop!!",NA,NA,2014-01-23 19:21:00,c(24.901, 36.054)
"130",1931,"mbdata",2014-01-23 19:21:38,"brewvebeenserved","FREE COFFEE to anyone who caught the license plate of that black van! #jerkdrivers",1931,20140123192138,"free coffee anyone catch license plate black van",NA,NA,"FREE COFFEE to anyone who caught the license plate of that black van! #jerkdrivers",NA,NA,2014-01-23 19:21:00,c(24.901, 36.054)
"131",1942,"mbdata",2014-01-23 19:22:00,"dangermice","They are announcing more evacuations not sure if i'll be able to keep seeing anything",1942,20140123192200,"announce evacuation sure I able keep see anything",NA,NA,"They are announcing more evacuations not sure if i'll be able to keep seeing anything",NA,NA,2014-01-23 19:22:00,c(24.894, 36.059)
"132",1943,"mbdata",2014-01-23 19:22:00,"trapanitweets","OMG!!!!!!! Some derp in a?balck?van just?hit a guy on a bike!!!!!",1943,20140123192200,"omg derp abalckvan justhit guy bike",NA,NA,"OMG!!!!!!! Some derp in a?balck?van just?hit a guy on a bike!!!!!",NA,NA,2014-01-23 19:22:00,c(24.901, 36.054)
"133",1961,"mbdata",2014-01-23 19:23:00,"trapanitweets","AND LEFT!!!!!!",1961,20140123192300,"leave",NA,NA,"AND LEFT!!!!!!",NA,NA,2014-01-23 19:23:00,c(24.901, 36.054)
"134",2002,"mbdata",2014-01-23 19:25:00,"dangermice","They must be really worried",2002,2.014012e+13,"must really worry",NA,NA,"They must be really worried",NA,NA,2014-01-23 19:25:00,c(24.894, 36.059)
"135",2005,"mbdata",2014-01-23 19:25:00,"hennyhenhendrix","anyone know a good body shop?",2005,2.014012e+13,"anyone know good body shop",NA,NA,"anyone know a good body shop?",NA,NA,2014-01-23 19:25:00,c(24.892, 36.057)
"136",2008,"mbdata",2014-01-23 19:25:00,"trapanitweets","i called 555. got a license HAHA to the derp!",2008,2.014012e+13,"call get license haha derp",NA,NA,"i called 555. got a license HAHA to the derp!",NA,NA,2014-01-23 19:25:00,c(24.901, 36.054)
"137",2009,"mbdata",2014-01-23 19:25:00,"brewvebeenserved","This is the FIRST time anyone has been injured near our store! It's usually a very SAFE neighborhood! #stopby",2009,2.014012e+13,"first time anyone injure near store usually safe neighborhood",NA,NA,"This is the FIRST time anyone has been injured near our store! It's usually a very SAFE neighborhood! #stopby",NA,NA,2014-01-23 19:25:00,c(24.901, 36.054)
"138",2018,"mbdata",2014-01-23 19:25:08,"trapanitweets","Poor guy on bike appears to be ok, just shaken.",2018,2.014012e+13,"poor guy bike appear okay just shake",NA,NA,"Poor guy on bike appears to be ok, just shaken.",NA,NA,2014-01-23 19:25:00,c(24.901, 36.054)
"139",2033,"mbdata",2014-01-23 19:26:13,"trapanitweets","Bike is totally trashed.? Looked like a nice one, too.?",2033,2.014012e+13,"bike totally trashed look like nice one",NA,NA,"Bike is totally trashed.? Looked like a nice one, too.?",NA,NA,2014-01-23 19:26:00,c(24.901, 36.054)
"140",2041,"mbdata",2014-01-23 19:26:55,"trapanitweets","Titanium frame, carbon wheels. guy's gonna be pissed when he gets over being scared.",2041,2.014012e+13,"titanium frame carbon wheel guy gonna piss get scare",NA,NA,"Titanium frame, carbon wheels. guy's gonna be pissed when he gets over being scared.",NA,NA,2014-01-23 19:26:00,c(24.901, 36.054)
"141",2050,"mbdata",2014-01-23 19:27:00,"dangermice","They are getting ready to go house to house I""""m really worried #abilafire""""",2050,2.014012e+13,"get ready go house house im really worry",NA,NA,"They are getting ready to go house to house I""""m really worried #abilafire""""",NA,NA,2014-01-23 19:27:00,c(24.894, 36.059)
"142",2051,"mbdata",2014-01-23 19:27:00,"trapanitweets","cops and docs just arrived.",2051,2.014012e+13,"cop doc just arrive",NA,NA,"cops and docs just arrived.",NA,NA,2014-01-23 19:27:00,c(24.901, 36.054)
"143",2096,"mbdata",2014-01-23 19:30:00,"sofitees","@carlyscoffee best coffee in Abila",2096,2.014012e+13,"good coffee abila",NA,NA,"@carlyscoffee best coffee in Abila",NA,"@carlyscoffee",2014-01-23 19:30:00,c(24.857, 36.059)
"144",2144,"mbdata",2014-01-23 19:35:07,"trapanitweets","Henri -bike guy- done talking to coppers now looking at his trashed bike.",2144,2.014012e+13,"henri bike guy do talk copper now look trashed bike",NA,NA,"Henri -bike guy- done talking to coppers now looking at his trashed bike.",NA,NA,2014-01-23 19:35:00,c(24.901, 36.054)
"145",2145,"mbdata",2014-01-23 19:35:07,"brewvebeenserved","Going to give the biker a coffee!! He's Bean Served!",2145,2.014012e+13,"go give biker coffee bean serve",NA,NA,"Going to give the biker a coffee!! He's Bean Served!",NA,NA,2014-01-23 19:35:00,c(24.901, 36.054)
"146",2160,"mbdata",2014-01-23 19:36:00,"trapanitweets","I think he's? crying.",2160,2.014012e+13,"think cry",NA,NA,"I think he's? crying.",NA,NA,2014-01-23 19:36:00,c(24.901, 36.054)
"147",2207,"mbdata",2014-01-23 19:39:07,"trapanitweets","coffee shop owner just gave Henri a coffee - yay Abila! we have nice people here.",2207,2.014012e+13,"coffee shop owner just give henri coffee yay abila nice people",NA,NA,"coffee shop owner just gave Henri a coffee - yay Abila! we have nice people here.",NA,NA,2014-01-23 19:39:00,c(24.901, 36.054)
"148",2213,"mbdata",2014-01-23 19:39:40,"trapanitweets","Except for that derp who hit henri.",2213,2.014012e+13,"except derp hit henri",NA,NA,"Except for that derp who hit henri.",NA,NA,2014-01-23 19:39:00,c(24.901, 36.054)
"149",2214,"mbdata",2014-01-23 19:39:40,"brewvebeenserved","Our AWESOME coffee cheered him up He's OK NOW!!",2214,2.014012e+13,"awesome coffee cheer okay now",NA,NA,"Our AWESOME coffee cheered him up He's OK NOW!!",NA,NA,2014-01-23 19:39:00,c(24.901, 36.054)
"150",2217,"mbdata",2014-01-23 19:39:40,"sofitees","Wow! crazy driving into @gelatogalore #somebodywantgelatobad",2217,2.014012e+13,"wow crazy drive",NA,NA,"Wow! crazy driving into @gelatogalore #somebodywantgelatobad",NA,"@gelatogalore",2014-01-23 19:39:00,c(24.857, 36.059)
"151",2229,"mbdata",2014-01-23 19:40:00,"truccotrucco","wow some crazy black van just got pulled over in the parking lot - dinner & a show!",2229,2.014012e+13,"wow crazy black van just get pull park lot dinner show",NA,NA,"wow some crazy black van just got pulled over in the parking lot - dinner & a show!",NA,NA,2014-01-23 19:40:00,c(24.856, 36.059)
"152",2231,"mbdata",2014-01-23 19:40:00,"trapanitweets","Gonna help bike guy home. ttl",2231,2.014012e+13,"gonna help bike guy home ttl",NA,NA,"Gonna help bike guy home. ttl",NA,NA,2014-01-23 19:40:00,c(24.901, 36.054)
"153",2237,"mbdata",2014-01-23 19:40:00,"sofitees","cops?r right behind - whats up? think that was gunshots #CRAZY",2237,2.014012e+13,"copsr right behind whats think gunshot",NA,NA,"cops?r right behind - whats up? think that was gunshots #CRAZY",NA,NA,2014-01-23 19:40:00,c(24.857, 36.059)
"154",2255,"mbdata",2014-01-23 19:40:41,"truccotrucco","OMG there shooting there shooting!",2255,2.014012e+13,"omg shoot shoot",NA,NA,"OMG there shooting there shooting!",NA,NA,2014-01-23 19:40:00,c(24.856, 36.059)
"155",2261,"mbdata",2014-01-23 19:40:41,"sofitees","i think a cop got shot! hes down?n might be dead",2261,2.014012e+13,"think cop get shoot hes downn may dead",NA,NA,"i think a cop got shot! hes down?n might be dead",NA,NA,2014-01-23 19:40:00,c(24.857, 36.059)
"156",2274,"mbdata",2014-01-23 19:41:03,"truccotrucco","what is happening? they r right out front shooting",2274,2.014012e+13,"happen r right front shoot",NA,NA,"what is happening? they r right out front shooting",NA,NA,2014-01-23 19:41:00,c(24.856, 36.059)
"157",2281,"mbdata",2014-01-23 19:41:13,"truccotrucco","never been so scared under the table in gelatogalore cant see much just cop lights",2281,2.014012e+13,"never scare table gelatogalore cant see much just cop light",NA,NA,"never been so scared under the table in gelatogalore cant see much just cop lights",NA,NA,2014-01-23 19:41:00,c(24.856, 36.059)
"158",2299,"mbdata",2014-01-23 19:41:33,"truccotrucco","why didnt i stay at the rally? im trapped in here the van is right outsdie the door",2299,2.014012e+13,"didnt stay rally im trap van right outsdie door",NA,NA,"why didnt i stay at the rally? im trapped in here the van is right outsdie the door",NA,NA,2014-01-23 19:41:00,c(24.856, 36.059)
"159",2311,"mbdata",2014-01-23 19:41:45,"truccotrucco","I have to see outside not knowing is killing me!",2311,2.014012e+13,"see outside know kill",NA,NA,"I have to see outside not knowing is killing me!",NA,NA,2014-01-23 19:41:00,c(24.856, 36.059)
"160",2318,"mbdata",2014-01-23 19:41:48,"truccotrucco","Everyone is hiding some guy just reached up and grabbed his food who can eat in a time like this?",2318,2.014012e+13,"everyone hide guy just reach grab food can eat time like",NA,NA,"Everyone is hiding some guy just reached up and grabbed his food who can eat in a time like this?",NA,NA,2014-01-23 19:41:00,c(24.856, 36.059)
"161",2333,"mbdata",2014-01-23 19:42:03,"truccotrucco","OMG Abila Post says a cop got shot! what is happening??????",2333,2.014012e+13,"omg abila post say cop get shoot happen",NA,NA,"OMG Abila Post says a cop got shot! what is happening??????",NA,NA,2014-01-23 19:42:00,c(24.856, 36.059)
"162",2345,"mbdata",2014-01-23 19:42:14,"truccotrucco","stupid guy is standing up looking out the windows does he want to get shot?",2345,2.014012e+13,"stupid guy stand look window want get shoot",NA,NA,"stupid guy is standing up looking out the windows does he want to get shot?",NA,NA,2014-01-23 19:42:00,c(24.856, 36.059)
"163",2351,"mbdata",2014-01-23 19:42:22,"truccotrucco","sit down pls!",2351,2.014012e+13,"sit pl",NA,NA,"sit down pls!",NA,NA,2014-01-23 19:42:00,c(24.856, 36.059)
"164",2355,"mbdata",2014-01-23 19:42:28,"truccotrucco","havent heard any more shots pls no more #shooting",2355,2.014012e+13,"havent hear shot pl",NA,NA,"havent heard any more shots pls no more #shooting",NA,NA,2014-01-23 19:42:00,c(24.856, 36.059)
"165",2386,"mbdata",2014-01-23 19:43:11,"truccotrucco","who shoots a cop? who are these maniacs?!?!",2386,2.014012e+13,"shoot cop maniac",NA,NA,"who shoots a cop? who are these maniacs?!?!",NA,NA,2014-01-23 19:43:00,c(24.856, 36.059)
"166",2415,"mbdata",2014-01-23 19:43:37,"sofitees","somany cops i cant beleive this is happening just wanted coffee",2415,2.014012e+13,"somany cop cant beleive happen just want coffee",NA,NA,"somany cops i cant beleive this is happening just wanted coffee",NA,NA,2014-01-23 19:43:00,c(24.857, 36.059)
"167",2417,"mbdata",2014-01-23 19:43:39,"truccotrucco","im hearing more sirens i think i can get a view outside #shooting",2417,2.014012e+13,"im hear siren think can get view outside",NA,NA,"im hearing more sirens i think i can get a view outside #shooting",NA,NA,2014-01-23 19:43:00,c(24.856, 36.059)
"168",2462,"mbdata",2014-01-23 19:44:23,"truccotrucco","looks like there are 3 cop cars and the black van two people in the front of van #shooting",2462,2.014012e+13,"look like cop car black van two people front van",NA,NA,"looks like there are 3 cop cars and the black van two people in the front of van #shooting",NA,NA,2014-01-23 19:44:00,c(24.856, 36.059)
"169",2478,"mbdata",2014-01-23 19:44:38,"truccotrucco","putting my head back down #shooting",2478,2.014012e+13,"putting head back",NA,NA,"putting my head back down #shooting",NA,NA,2014-01-23 19:44:00,c(24.856, 36.059)
"170",2499,"mbdata",2014-01-23 19:45:00,"dangermice","Lots of displaced people wonder where they will all go tonight",2499,2.014012e+13,"lot displace people wonder go tonight",NA,NA,"Lots of displaced people wonder where they will all go tonight",NA,NA,2014-01-23 19:45:00,c(24.894, 36.059)
"171",2502,"mbdata",2014-01-23 19:45:00,"footfingers","imagine a Kronos without corporate pollution then act to make it happen #POK",2502,2.014012e+13,"imagine kronos without corporate pollution act make happen",NA,NA,"imagine a Kronos without corporate pollution then act to make it happen #POK",NA,NA,2014-01-23 19:45:00,c(24.902, 36.054)
"172",2515,"mbdata",2014-01-23 19:45:11,"truccotrucco","i think were trapped in here #gelatogalore #shooting",2515,2.014012e+13,"think trap",NA,NA,"i think were trapped in here #gelatogalore #shooting",NA,NA,2014-01-23 19:45:00,c(24.856, 36.059)
"173",2554,"mbdata",2014-01-23 19:46:00,"truccotrucco","more cops have arrived someone just saw #shooting",2554,2.014012e+13,"cop arrive someone just see",NA,NA,"more cops have arrived someone just saw #shooting",NA,NA,2014-01-23 19:46:00,c(24.856, 36.059)
"174",2597,"mbdata",2014-01-23 19:47:00,"truthforcadau","cops are leaving without violence #peacerules #POK",2597,2.014012e+13,"cop leave without violence",NA,NA,"cops are leaving without violence #peacerules #POK",NA,NA,2014-01-23 19:47:00,c(24.854, 36.051)
"175",2648,"mbdata",2014-01-23 19:49:00,"footfingers","the cops are scared of the people rising up against the system #POK",2648,2.014012e+13,"cop scare people rise system",NA,NA,"the cops are scared of the people rising up against the system #POK",NA,NA,2014-01-23 19:49:00,c(24.902, 36.054)
"176",2674,"mbdata",2014-01-23 19:50:00,"truccotrucco","ambulance has arrived hopefully getting the cop to the hospital fast praying hes OK #shooting",2674,2.014012e+13,"ambulance arrive hopefully get cop hospital fast pray hes okay",NA,NA,"ambulance has arrived hopefully getting the cop to the hospital fast praying hes OK #shooting",NA,NA,2014-01-23 19:50:00,c(24.856, 36.059)
"177",2689,"mbdata",2014-01-23 19:51:13,"truccotrucco","#APD are heroes! #shooting",2689,2.014012e+13,"hero",NA,NA,"#APD are heroes! #shooting",NA,NA,2014-01-23 19:51:00,c(24.856, 36.059)
"178",2704,"mbdata",2014-01-23 19:52:33,"footfingers","remember how they murdered Elian? #JusticeforElian #POK",2704,2.014012e+13,"remember murder elian",NA,NA,"remember how they murdered Elian? #JusticeforElian #POK",NA,NA,2014-01-23 19:52:00,c(24.902, 36.054)
"179",2728,"mbdata",2014-01-23 19:55:00,"truccotrucco","big vehicle just showeed up ????",2728,2.014012e+13,"big vehicle just showeed",NA,NA,"big vehicle just showeed up ????",NA,NA,2014-01-23 19:55:00,c(24.856, 36.059)
"180",2736,"mbdata",2014-01-23 19:55:00,"sofitees","holy cow SWAt showed up this is getting crazy #standoff",2736,2.014012e+13,"holy cow swat show get crazy",NA,NA,"holy cow SWAt showed up this is getting crazy #standoff",NA,NA,2014-01-23 19:55:00,c(24.857, 36.059)
"181",2745,"mbdata",2014-01-23 19:55:59,"truccotrucco","i think the swat team has arrived hopefully stand off ends soon #shooting #standoff",2745,2.014012e+13,"think swat team arrive hopefully stand end soon",NA,NA,"i think the swat team has arrived hopefully stand off ends soon #shooting #standoff",NA,NA,2014-01-23 19:55:00,c(24.856, 36.059)
"182",2761,"mbdata",2014-01-23 19:57:00,"truccotrucco","cant believe theres no backdoor here im ready to run! #standoff",2761,2.014012e+13,"cant believe theres backdoor im ready run",NA,NA,"cant believe theres no backdoor here im ready to run! #standoff",NA,NA,2014-01-23 19:57:00,c(24.856, 36.059)
"183",2787,"mbdata",2014-01-23 19:58:13,"truccotrucco","guy in the van keeps yeelling at cops cant hear him but looks mad #standoff",2787,2.014012e+13,"guy van keep yeelling cop cant hear look mad",NA,NA,"guy in the van keeps yeelling at cops cant hear him but looks mad #standoff",NA,NA,2014-01-23 19:58:00,c(24.856, 36.059)
"184",2816,"mbdata",2014-01-23 20:00:00,"dangermice","They just pulled a firefighter out on a stretcher #hurtfirefighter",2816,2.014012e+13,"just pull firefighter stretcher",NA,NA,"They just pulled a firefighter out on a stretcher #hurtfirefighter",NA,NA,2014-01-23 20:00:00,c(24.894, 36.059)
"185",2827,"mbdata",2014-01-23 20:00:00,"sofitees","id?b givin up if i was thtat guy #somanyguns #yikes",2827,2.014012e+13,"idb givin thtat guy",NA,NA,"id?b givin up if i was thtat guy #somanyguns #yikes",NA,NA,2014-01-23 20:00:00,c(24.857, 36.059)
"186",2901,"mbdata",2014-01-23 20:05:00,"dangermice","They just put him in an ambulance #hurtfirefighter #abilafire",2901,2.014012e+13,"just put ambulance",NA,NA,"They just put him in an ambulance #hurtfirefighter #abilafire",NA,NA,2014-01-23 20:05:00,c(24.894, 36.059)
"187",2908,"mbdata",2014-01-23 20:05:00,"sofitees","#APD is evacuating us #standoff",2908,2.014012e+13,"evacuate us",NA,NA,"#APD is evacuating us #standoff",NA,NA,2014-01-23 20:05:00,c(24.857, 36.059)
"188",2932,"mbdata",2014-01-23 20:06:13,"sofitees","i think there's a hostage - why isnt #APD doing more #standoff",2932,2.014012e+13,"think hostage isnt",NA,NA,"i think there's a hostage - why isnt #APD doing more #standoff",NA,NA,2014-01-23 20:06:00,c(24.857, 36.059)
"189",2953,"mbdata",2014-01-23 20:07:09,"footfingers","do you trust your government? #POK",2953,2.014012e+13,"trust government",NA,NA,"do you trust your government? #POK",NA,NA,2014-01-23 20:07:00,c(24.902, 36.054)
"190",3006,"mbdata",2014-01-23 20:10:00,"hennyhenhendrix","police just knocked on my door about the car!",3006,2.014012e+13,"police just knock door car",NA,NA,"police just knocked on my door about the car!",NA,NA,2014-01-23 20:10:00,c(24.892, 36.057)
"191",3013,"mbdata",2014-01-23 20:10:00,"sofitees","mom im ok cops r here dont worry im across the street but safe",3013,2.014012e+13,"mom im okay cop r do worry im across street safe",NA,NA,"mom im ok cops r here dont worry im across the street but safe",NA,NA,2014-01-23 20:10:00,c(24.857, 36.059)
"192",3066,"mbdata",2014-01-23 20:11:21,"hennyhenhendrix","they seemed really interested in where that van came from",3066,2.014012e+13,"seem really interest van come",NA,NA,"they seemed really interested in where that van came from",NA,NA,2014-01-23 20:11:00,c(24.892, 36.057)
"193",3100,"mbdata",2014-01-23 20:13:00,"sofitees","should got another coffeee this is going to take a long time #standoff",3100,2.014012e+13,"get another coffee go take long time",NA,NA,"should got another coffeee this is going to take a long time #standoff",NA,NA,2014-01-23 20:13:00,c(24.857, 36.059)
"194",3181,"mbdata",2014-01-23 20:20:02,"footfingers","corrupt officials allow corporate greed to poison your land #POK",3181,2.014012e+13,"corrupt official allow corporate greed poison land",NA,NA,"corrupt officials allow corporate greed to poison your land #POK",NA,NA,2014-01-23 20:20:00,c(24.902, 36.054)
"195",3221,"mbdata",2014-01-23 20:21:34,"footfingers","rise up against corruption and injustice #POK",3221,2.014012e+13,"rise corruption injustice",NA,NA,"rise up against corruption and injustice #POK",NA,NA,2014-01-23 20:21:00,c(24.902, 36.054)
"196",3342,"mbdata",2014-01-23 20:30:00,"footfingers","we suport the POK's fight for the people of Kronos #POK #APA",3342,2.014012e+13,"suport poks fight people kronos",NA,NA,"we suport the POK's fight for the people of Kronos #POK #APA",NA,NA,2014-01-23 20:30:00,c(24.902, 36.054)
"197",3366,"mbdata",2014-01-23 20:31:47,"truccotrucco","so bored & so scared ive never felt like this before #standoff",3366,2.014012e+13,"bore scare ive never feel like",NA,NA,"so bored & so scared ive never felt like this before #standoff",NA,NA,2014-01-23 20:31:00,c(24.856, 36.059)
"198",3383,"mbdata",2014-01-23 20:32:52,"truccotrucco","i wish this was over i can barely even type anthing #standoff",3383,2.014012e+13,"wish can barely even type anthing",NA,NA,"i wish this was over i can barely even type anthing #standoff",NA,NA,2014-01-23 20:32:00,c(24.856, 36.059)
"199",3403,"mbdata",2014-01-23 20:33:49,"truccotrucco","why dont the cops do anything? save us pls! #APD #standoff",3403,2.014012e+13,"do cop anything save us pl",NA,NA,"why dont the cops do anything? save us pls! #APD #standoff",NA,NA,2014-01-23 20:33:00,c(24.856, 36.059)
"200",3414,"mbdata",2014-01-23 20:34:00,"truccotrucco","arent swat suppposed to be the tough buys that swoop in & save the day? what are they waiting for? were trapped!",3414,2.014012e+13,"arent swat suppose tough buy swoop save day wait trap",NA,NA,"arent swat suppposed to be the tough buys that swoop in & save the day? what are they waiting for? were trapped!",NA,NA,2014-01-23 20:34:00,c(24.856, 36.059)
"201",3434,"mbdata",2014-01-23 20:35:02,"truccotrucco","why is this taking so long? im starting to feel sick #standoff",3434,2.014012e+13,"take long im start feel sick",NA,NA,"why is this taking so long? im starting to feel sick #standoff",NA,NA,2014-01-23 20:35:00,c(24.856, 36.059)
"202",3469,"mbdata",2014-01-23 20:36:56,"truccotrucco","im sick im tired just wan to run out of here!",3469,2.014012e+13,"im sick im tire just wan run",NA,NA,"im sick im tired just wan to run out of here!",NA,NA,2014-01-23 20:36:00,c(24.856, 36.059)
"203",3504,"mbdata",2014-01-23 20:40:00,"truccotrucco","just poked my head up looks like hundred of people outside #standoff",3504,2.014012e+13,"just poke head look like hundred people outside",NA,NA,"just poked my head up looks like hundred of people outside #standoff",NA,NA,2014-01-23 20:40:00,c(24.856, 36.059)
"204",3523,"mbdata",2014-01-23 20:43:01,"truccotrucco","who comes to see this? all i want to do is get out of here! #standoff",3523,2.014012e+13,"come see want get",NA,NA,"who comes to see this? all i want to do is get out of here! #standoff",NA,NA,2014-01-23 20:43:00,c(24.856, 36.059)
"205",3538,"mbdata",2014-01-23 20:45:00,"truccotrucco","anybody out there watching the standoff i iwll gladly switch places with you #idiots #standoff",3538,2.014012e+13,"anybody watch standoff iwll gladly switch place",NA,NA,"anybody out there watching the standoff i iwll gladly switch places with you #idiots #standoff",NA,NA,2014-01-23 20:45:00,c(24.856, 36.059)
"206",3577,"mbdata",2014-01-23 20:48:44,"truccotrucco","shuoldve stayed at the rally #standoff",3577,2.014012e+13,"shuoldve stay rally",NA,NA,"shuoldve stayed at the rally #standoff",NA,NA,2014-01-23 20:48:00,c(24.856, 36.059)
"207",3597,"mbdata",2014-01-23 20:50:00,"footfingers","mad at the system? join the POK's fight for justice #POK",3597,2.014012e+13,"mad system join poks fight justice",NA,NA,"mad at the system? join the POK's fight for justice #POK",NA,NA,2014-01-23 20:50:00,c(24.902, 36.054)
"208",3623,"mbdata",2014-01-23 20:52:00,"truccotrucco","poked my head up looks like negotiations are still going pls hurry poeple are starting to freak out in here #gelatogalorestandoff",3623,2.014012e+13,"poke head look like negotiation still go pl hurry poeple start freak",NA,NA,"poked my head up looks like negotiations are still going pls hurry poeple are starting to freak out in here #gelatogalorestandoff",NA,NA,2014-01-23 20:52:00,c(24.856, 36.059)
"209",3692,"mbdata",2014-01-23 21:00:04,"truccotrucco","what is this guy doing? just give up and now hes back in the van #standoff #gelatogalore",3692,2.014012e+13,"guy just give now hes back van",NA,NA,"what is this guy doing? just give up and now hes back in the van #standoff #gelatogalore",NA,NA,2014-01-23 21:00:00,c(24.856, 36.059)
"210",3695,"mbdata",2014-01-23 21:00:04,"sofitees","crazy guy is back in the van - what is going on?",3695,2.014012e+13,"crazy guy back van go",NA,NA,"crazy guy is back in the van - what is going on?",NA,NA,2014-01-23 21:00:00,c(24.857, 36.059)
"211",3708,"mbdata",2014-01-23 21:01:00,"truccotrucco","oh no! looks like the two bad guys are fighting!",3708,2.014012e+13,"oh look like two bad guy fight",NA,NA,"oh no! looks like the two bad guys are fighting!",NA,NA,2014-01-23 21:01:00,c(24.856, 36.059)
"212",3724,"mbdata",2014-01-23 21:02:33,"truccotrucco","feel like something terrible is going to happen im shaking",3724,2.014012e+13,"feel like something terrible go happen im shake",NA,NA,"feel like something terrible is going to happen im shaking",NA,NA,2014-01-23 21:02:00,c(24.856, 36.059)
"213",3740,"mbdata",2014-01-23 21:04:05,"truccotrucco","looks like therye still fighting in the van really animated #standoff",3740,2.014012e+13,"look like therye still fight van really animate",NA,NA,"looks like therye still fighting in the van really animated #standoff",NA,NA,2014-01-23 21:04:00,c(24.856, 36.059)
"214",3797,"mbdata",2014-01-23 21:13:00,"truccotrucco","someones out of the van! is it over?",3797,2.014012e+13,"someones van",NA,NA,"someones out of the van! is it over?",NA,NA,2014-01-23 21:13:00,c(24.856, 36.059)
"215",3800,"mbdata",2014-01-23 21:13:33,"truccotrucco","Its over they dropped the gun everybodys cheering! #standoff",3800,2.014012e+13,"drop gun everybodys cheer",NA,NA,"Its over they dropped the gun everybodys cheering! #standoff",NA,NA,2014-01-23 21:13:00,c(24.856, 36.059)
"216",3806,"mbdata",2014-01-23 21:14:01,"truccotrucco","other guy is out of the van! its over theyre giving up! #standoff",3806,2.014012e+13,"guy van theyre give",NA,NA,"other guy is out of the van! its over theyre giving up! #standoff",NA,NA,2014-01-23 21:14:00,c(24.856, 36.059)
"217",3811,"mbdata",2014-01-23 21:14:47,"truccotrucco","everybody standing up watching cops are taking two away #standoff",3811,2.014012e+13,"everybody stand watch cop take two away",NA,NA,"everybody standing up watching cops are taking two away #standoff",NA,NA,2014-01-23 21:14:00,c(24.856, 36.059)
"218",3821,"mbdata",2014-01-23 21:15:00,"truccotrucco","hostages are free! 2 women i think hard to tell #standoff",3821,2.014012e+13,"hostage free woman think hard tell",NA,NA,"hostages are free! 2 women i think hard to tell #standoff",NA,NA,2014-01-23 21:15:00,c(24.856, 36.059)
"219",3849,"mbdata",2014-01-23 21:17:11,"truccotrucco","everybody's safe cops got the bad guys and the hostages are safe #standoff",3849,2.014012e+13,"everybodys safe cop get bad guy hostage safe",NA,NA,"everybody's safe cops got the bad guys and the hostages are safe #standoff",NA,NA,2014-01-23 21:17:00,c(24.856, 36.059)
"220",3853,"mbdata",2014-01-23 21:17:11,"sofitees","i think there giving up 2 people hands up got out of the van guy & girl",3853,2.014012e+13,"think give people hand get van guy girl",NA,NA,"i think there giving up 2 people hands up got out of the van guy & girl",NA,NA,2014-01-23 21:17:00,c(24.857, 36.059)
"221",3870,"mbdata",2014-01-23 21:19:03,"truccotrucco","therye letting us goo finallly! im still shaking! #standoff",3870,2.014012e+13,"therye let us goo finally im still shake",NA,NA,"therye letting us goo finallly! im still shaking! #standoff",NA,NA,2014-01-23 21:19:00,c(24.856, 36.059)
"222",3890,"mbdata",2014-01-23 21:20:50,"truccotrucco","tahnks to APD standoff is over! #APDheroes",3890,2.014012e+13,"tahnks apd standoff",NA,NA,"tahnks to APD standoff is over! #APDheroes",NA,NA,2014-01-23 21:20:00,c(24.856, 36.059)
"223",3902,"mbdata",2014-01-23 21:21:11,"truccotrucco","cant belive it a peaceful ending after a shootout! #stillshaking",3902,2.014012e+13,"cant belive peaceful end shootout",NA,NA,"cant belive it a peaceful ending after a shootout! #stillshaking",NA,NA,2014-01-23 21:21:00,c(24.856, 36.059)
"224",3921,"mbdata",2014-01-23 21:22:00,"truccotrucco","can anybody give me ride? #stillshaking",3921,2.014012e+13,"can anybody give ride",NA,NA,"can anybody give me ride? #stillshaking",NA,NA,2014-01-23 21:22:00,c(24.856, 36.059)
"225",3925,"mbdata",2014-01-23 21:22:00,"sofitees","looks like it ended peaceful after the shots at first hope that cop is OK",3925,2.014012e+13,"look like end peaceful shot first hope cop okay",NA,NA,"looks like it ended peaceful after the shots at first hope that cop is OK",NA,NA,2014-01-23 21:22:00,c(24.857, 36.059)
"226",4039,"mbdata",2014-01-23 21:30:00,"dangermice","OMG was that an explosion ? #abilafire",4039,2.014012e+13,"omg explosion",NA,NA,"OMG was that an explosion ? #abilafire",NA,NA,2014-01-23 21:30:00,c(24.894, 36.059)
"227",29,"ccdata",2014-01-23 17:02:10,NA,"TRAFFIC STOP",NA,NA,NA,NA,NA,NA,NA,NA,NA,c(24.871374, 36.051901)
"228",135,"ccdata",2014-01-23 17:11:59,NA,"MISDEMEANOR ASSAULT-IN PROGRESS",NA,NA,NA,NA,NA,NA,NA,NA,NA,c(24.858964, 36.08652)
"229",236,"ccdata",2014-01-23 17:18:00,NA,"VEHICLE ACCIDENT-REPORT",NA,NA,NA,NA,NA,NA,NA,NA,NA,c(24.864157, 36.066716)
"230",358,"ccdata",2014-01-23 17:25:51,NA,"TRAFFIC STOP",NA,NA,NA,NA,NA,NA,NA,NA,NA,c(24.895165, 36.070621)
"231",437,"ccdata",2014-01-23 17:29:00,NA,"SUSPICIOUS SUBJECT/CIRCUMSTANCES-IN PROGRESS",NA,NA,NA,NA,NA,NA,NA,NA,NA,c(24.844363, 36.08182)
"232",503,"ccdata",2014-01-23 17:35:01,NA,"TRAFFIC STOP",NA,NA,NA,NA,NA,NA,NA,NA,NA,c(24.882611, 36.067244)
"233",535,"ccdata",2014-01-23 17:38:02,NA,"BUSINESS CHECK",NA,NA,NA,NA,NA,NA,NA,NA,NA,c(24.879565, 36.04572)
"234",560,"ccdata",2014-01-23 17:40:56,NA,"SUBJECT STOP",NA,NA,NA,NA,NA,NA,NA,NA,NA,c(24.876164, 36.07522)
"235",569,"ccdata",2014-01-23 17:42:00,NA,"VEHICLE ACCIDENT-REPORT",NA,NA,NA,NA,NA,NA,NA,NA,NA,c(24.871486, 36.081658)
"236",576,"ccdata",2014-01-23 17:42:31,NA,"TRAFFIC STOP",NA,NA,NA,NA,NA,NA,NA,NA,NA,c(24.882465, 36.05942)
"237",633,"ccdata",2014-01-23 17:49:00,NA,"VEHICLE ACCIDENT-REPORT",NA,NA,NA,NA,NA,NA,NA,NA,NA,c(24.844263, 36.07442)
"238",646,"ccdata",2014-01-23 17:50:00,NA,"TRAFFIC STOP",NA,NA,NA,NA,NA,NA,NA,NA,NA,c(24.876164, 36.06032)
"239",663,"ccdata",2014-01-23 17:51:23,NA,"SUBJECT STOP",NA,NA,NA,NA,NA,NA,NA,NA,NA,c(24.859064, 36.08172)
"240",670,"ccdata",2014-01-23 17:52:32,NA,"BUSINESS CHECK",NA,NA,NA,NA,NA,NA,NA,NA,NA,c(24.885465, 36.057521)
"241",877,"ccdata",2014-01-23 18:13:49,NA,"TRAFFIC STOP",NA,NA,NA,NA,NA,NA,NA,NA,NA,c(24.882564, 36.07542)
"242",914,"ccdata",2014-01-23 18:16:34,NA,"SUBJECT STOP",NA,NA,NA,NA,NA,NA,NA,NA,NA,c(24.844363, 36.06872)
"243",1030,"ccdata",2014-01-23 18:30:00,NA,"TRAFFIC STOP",NA,NA,NA,NA,NA,NA,NA,NA,NA,c(24.876164, 36.05662)
"244",1048,"ccdata",2014-01-23 18:32:21,NA,"TRAFFIC STOP",NA,NA,NA,NA,NA,NA,NA,NA,NA,c(24.844363, 36.06872)
"245",1068,"ccdata",2014-01-23 18:34:18,NA,"SUBJECT STOP",NA,NA,NA,NA,NA,NA,NA,NA,NA,c(24.906165, 36.050821)
"246",1102,"ccdata",2014-01-23 18:38:00,NA,"TRAFFIC STOP",NA,NA,NA,NA,NA,NA,NA,NA,NA,c(24.860364, 36.07662)
"247",1125,"ccdata",2014-01-23 18:40:00,NA,"POSSIBLE FIRE-REPORT",NA,NA,NA,NA,NA,NA,NA,NA,NA,c(24.894765, 36.059421)
"248",1126,"ccdata",2014-01-23 18:40:00,NA,"POSSIBLE FIRE-REPORT",NA,NA,NA,NA,NA,NA,NA,NA,NA,c(24.896165, 36.058921)
"249",1139,"ccdata",2014-01-23 18:41:00,NA,"MISDEMEANOR ASSAULT-IN PROGRESS",NA,NA,NA,NA,NA,NA,NA,NA,NA,c(24.888565, 36.045421)
"250",1156,"ccdata",2014-01-23 18:42:10,NA,"FIRE/MEDICS NEEDED-FIRE TRUCKS #41 AND #57 DISPATCHED TO FIRE",NA,NA,NA,NA,NA,NA,NA,NA,NA,c(24.894765, 36.059421)
"251",1170,"ccdata",2014-01-23 18:43:04,NA,"TRAFFIC STOP",NA,NA,NA,NA,NA,NA,NA,NA,NA,c(24.880964, 36.06272)
"252",1172,"ccdata",2014-01-23 18:43:21,NA,"ALL UNITS BROADCAST-BUILDING FIRE",NA,NA,NA,NA,NA,NA,NA,NA,NA,c(24.894765, 36.059421)
"253",1175,"ccdata",2014-01-23 18:43:28,NA,"VANDALISM-REPORT",NA,NA,NA,NA,NA,NA,NA,NA,NA,c(24.907565, 36.065121)
"254",1186,"ccdata",2014-01-23 18:44:00,NA,"POLICE NEEDED-POLICE UNITS #101 AND #220 DISPATCHED TO FIRE",NA,NA,NA,NA,NA,NA,NA,NA,NA,c(24.894765, 36.059421)
"255",1307,"ccdata",2014-01-23 18:47:00,NA,"FIRE/MEDICS NEEDED-AMUBLANCE DISPATCHED TO FIRE",NA,NA,NA,NA,NA,NA,NA,NA,NA,c(24.894765, 36.059421)
"256",1321,"ccdata",2014-01-23 18:47:09,NA,"FIRE/MEDICS NEEDED-FIRE TRUCK #23 DISPATCHED TO FIRE",NA,NA,NA,NA,NA,NA,NA,NA,NA,c(24.894765, 36.059421)
"257",1326,"ccdata",2014-01-23 18:47:11,NA,"TRAFFIC STOP",NA,NA,NA,NA,NA,NA,NA,NA,NA,c(24.874697, 36.064527)
"258",1344,"ccdata",2014-01-23 18:47:56,NA,"MISDEMEANOR ASSAULT-IN PROGRESS",NA,NA,NA,NA,NA,NA,NA,NA,NA,c(24.871374, 36.051901)
"259",1364,"ccdata",2014-01-23 18:48:02,NA,"POLICE UNIT DISPATCHED-CROWD CONTROL",NA,NA,NA,NA,NA,NA,NA,NA,NA,c(24.894765, 36.059421)
"260",1398,"ccdata",2014-01-23 18:49:43,NA,"TRAFFIC STOP",NA,NA,NA,NA,NA,NA,NA,NA,NA,c(24.860663, 36.08952)
"261",1516,"ccdata",2014-01-23 18:55:01,NA,"TRAFFIC STOP",NA,NA,NA,NA,NA,NA,NA,NA,NA,c(24.868564, 36.06482)
"262",1638,"ccdata",2014-01-23 19:02:00,NA,"TRAFFIC STOP",NA,NA,NA,NA,NA,NA,NA,NA,NA,c(24.864164, 36.06472)
"263",1679,"ccdata",2014-01-23 19:03:48,NA,"DISTURBANCE-NOISE",NA,NA,NA,NA,NA,NA,NA,NA,NA,c(24.861664, 36.08292)
"264",1726,"ccdata",2014-01-23 19:07:00,NA,"TRAFFIC STOP",NA,NA,NA,NA,NA,NA,NA,NA,NA,c(24.839063, 36.08192)
"265",1912,"ccdata",2014-01-23 19:20:42,NA,"TRAFFIC STOP",NA,NA,NA,NA,NA,NA,NA,NA,NA,c(24.864164, 36.07332)
"266",1913,"ccdata",2014-01-23 19:20:48,NA,"SUSPICIOUS SUBJECT/CIRCUMSTANCES-IN PROGRESS",NA,NA,NA,NA,NA,NA,NA,NA,NA,c(24.849663, 36.07612)
"267",1985,"ccdata",2014-01-23 19:24:15,NA,"SUSPICIOUS OCCUPIED VEHICLE-BLACK VAN",NA,NA,NA,NA,NA,NA,NA,NA,NA,c(24.897465, 36.050921)
"268",2011,"ccdata",2014-01-23 19:25:00,NA,"DISTURBANCE-NOISE",NA,NA,NA,NA,NA,NA,NA,NA,NA,c(24.856564, 36.07852)
"269",2019,"ccdata",2014-01-23 19:25:08,NA,"SUSPICIOUS OCCUPIED VEHICLE-BLACK VAN",NA,NA,NA,NA,NA,NA,NA,NA,NA,c(24.861664, 36.07932)
"270",2042,"ccdata",2014-01-23 19:26:55,NA,"SUSPICIOUS OCCUPIED VEHICLE-BLACK VAN",NA,NA,NA,NA,NA,NA,NA,NA,NA,c(24.873164, 36.06362)
"271",2175,"ccdata",2014-01-23 19:37:00,NA,"SUSPICIOUS OCCUPIED VEHICLE-BLACK VAN",NA,NA,NA,NA,NA,NA,NA,NA,NA,c(24.856464, 36.04932)
"272",2190,"ccdata",2014-01-23 19:38:22,NA,"SUSPICIOUS OCCUPIED VEHICLE-BLACK VAN",NA,NA,NA,NA,NA,NA,NA,NA,NA,c(24.856464, 36.05472)
"273",2208,"ccdata",2014-01-23 19:39:07,NA,"PURSUIT-CONTINUES-POLICE UNITS #253 AND #357",NA,NA,NA,NA,NA,NA,NA,NA,NA,c(24.856464, 36.05942)
"274",2238,"ccdata",2014-01-23 19:40:00,NA,"FELONY ASSAULT/WEAPON-IN PROGRESS",NA,NA,NA,NA,NA,NA,NA,NA,NA,c(24.857965, 36.05942)
"275",2298,"ccdata",2014-01-23 19:41:29,NA,"SUSPICIOUS OCCUPIED VEHICLE-BLACK VAN",NA,NA,NA,NA,NA,NA,NA,NA,NA,c(24.86857, 36.063929)
"276",2329,"ccdata",2014-01-23 19:41:57,NA,"FIRE/MEDICS NEEDED-OFFICER DOWN",NA,NA,NA,NA,NA,NA,NA,NA,NA,c(24.857965, 36.05942)
"277",2359,"ccdata",2014-01-23 19:42:28,NA,"FIRE/MEDICS NEEDED-AMBULANCE DISPATCHED",NA,NA,NA,NA,NA,NA,NA,NA,NA,c(24.857965, 36.05942)
"278",2416,"ccdata",2014-01-23 19:43:37,NA,"DIRE EMERGENCY/POLICE NEEDED-OFFICER DOWN-SEND ADDITIONAL UNITS",NA,NA,NA,NA,NA,NA,NA,NA,NA,c(24.857965, 36.05942)
"279",2458,"ccdata",2014-01-23 19:44:11,NA,"POLICE UNITS DISPATCHED",NA,NA,NA,NA,NA,NA,NA,NA,NA,c(24.857965, 36.05942)
"280",2473,"ccdata",2014-01-23 19:44:28,NA,"DIRE EMERGENCY/SWAT TEAM DISPATCHED",NA,NA,NA,NA,NA,NA,NA,NA,NA,c(24.857965, 36.05942)
"281",2477,"ccdata",2014-01-23 19:44:29,NA,"SUSPICIOUS OCCUPIED VEHICLE-BLACK VAN",NA,NA,NA,NA,NA,NA,NA,NA,NA,c(24.857563, 36.08662)
"282",2519,"ccdata",2014-01-23 19:45:11,NA,"MISDEMEANOR ASSAULT-IN PROGRESS",NA,NA,NA,NA,NA,NA,NA,NA,NA,c(24.896765, 36.066621)
"283",2652,"ccdata",2014-01-23 19:49:00,NA,"VEHICLE ACCIDENT-REPORT",NA,NA,NA,NA,NA,NA,NA,NA,NA,c(24.844364, 36.06572)
"284",2708,"ccdata",2014-01-23 19:52:33,NA,"VANDALISM-REPORT",NA,NA,NA,NA,NA,NA,NA,NA,NA,c(24.868564, 36.06862)
"285",2737,"ccdata",2014-01-23 19:55:00,NA,"SHOPLIFTING",NA,NA,NA,NA,NA,NA,NA,NA,NA,c(24.856264, 36.07522)
"286",2759,"ccdata",2014-01-23 19:56:57,NA,"VEHICLE ACCIDENT-REPORT",NA,NA,NA,NA,NA,NA,NA,NA,NA,c(24.864064, 36.06192)
"287",2849,"ccdata",2014-01-23 20:01:00,NA,"TRAFFIC STOP",NA,NA,NA,NA,NA,NA,NA,NA,NA,c(24.871409, 36.05015)
"288",2943,"ccdata",2014-01-23 20:06:59,NA,"TRAFFIC STOP",NA,NA,NA,NA,NA,NA,NA,NA,NA,c(24.891065, 36.062121)
"289",2974,"ccdata",2014-01-23 20:08:01,NA,"TRAFFIC STOP",NA,NA,NA,NA,NA,NA,NA,NA,NA,c(24.895165, 36.070621)
"290",3014,"ccdata",2014-01-23 20:10:00,NA,"NARCOTIC ACTIVITY-REPORT",NA,NA,NA,NA,NA,NA,NA,NA,NA,c(24.904465, 36.056221)
"291",3045,"ccdata",2014-01-23 20:10:38,NA,"VEHICLE ACCIDENT-REPORT",NA,NA,NA,NA,NA,NA,NA,NA,NA,c(24.871464, 36.06292)
"292",3051,"ccdata",2014-01-23 20:10:53,NA,"CHECK ON HAZARD",NA,NA,NA,NA,NA,NA,NA,NA,NA,c(24.844364, 36.06572)
"293",3209,"ccdata",2014-01-23 20:21:03,NA,"SUBJECT STOP",NA,NA,NA,NA,NA,NA,NA,NA,NA,c(24.872964, 36.07332)
"294",3327,"ccdata",2014-01-23 20:28:42,NA,"TRAFFIC STOP",NA,NA,NA,NA,NA,NA,NA,NA,NA,c(24.871428, 36.062045)
"295",3420,"ccdata",2014-01-23 20:34:01,NA,"PROWLER",NA,NA,NA,NA,NA,NA,NA,NA,NA,c(24.895165, 36.069521)
"296",3506,"ccdata",2014-01-23 20:40:00,NA,"TRAFFIC STOP",NA,NA,NA,NA,NA,NA,NA,NA,NA,c(24.871486, 36.081658)
"297",3542,"ccdata",2014-01-23 20:45:00,NA,"VANDALISM-REPORT",NA,NA,NA,NA,NA,NA,NA,NA,NA,c(24.855063, 36.08632)
"298",3626,"ccdata",2014-01-23 20:52:00,NA,"SUSPICIOUS SUBJECT/CIRCUMSTANCES-IN PROGRESS",NA,NA,NA,NA,NA,NA,NA,NA,NA,c(24.844264, 36.05472)
"299",3782,"ccdata",2014-01-23 21:10:00,NA,"MISDEMEANOR ASSAULT-IN PROGRESS",NA,NA,NA,NA,NA,NA,NA,NA,NA,c(24.855064, 36.05562)
"300",3825,"ccdata",2014-01-23 21:15:00,NA,"CRIME SCENE INVESTIGATION-REQUEST-LOCATION/PERSON/VEHICLE OF INTEREST",NA,NA,NA,NA,NA,NA,NA,NA,NA,c(24.857965, 36.05942)
"301",3873,"ccdata",2014-01-23 21:19:03,NA,"CHECK ON HAZARD",NA,NA,NA,NA,NA,NA,NA,NA,NA,c(24.882564, 36.07542)
"302",3895,"ccdata",2014-01-23 21:20:50,NA,"PROWLER",NA,NA,NA,NA,NA,NA,NA,NA,NA,c(24.856464, 36.06032)
"303",3984,"ccdata",2014-01-23 21:25:00,NA,"SUSPICIOUS SUBJECT/CIRCUMSTANCES-IN PROGRESS",NA,NA,NA,NA,NA,NA,NA,NA,NA,c(24.870065, 36.04572)
"304",4014,"ccdata",2014-01-23 21:27:12,NA,"TRAFFIC STOP",NA,NA,NA,NA,NA,NA,NA,NA,NA,c(24.844486, 36.090919)
"305",4047,"ccdata",2014-01-23 21:30:10,NA,"MISDEMEANOR ASSAULT-IN PROGRESS",NA,NA,NA,NA,NA,NA,NA,NA,NA,c(24.870065, 36.04572)
